timestamp,frame,fps,cpu_percent,memory_mb,num_drones,avg_neighbors,method
2026-03-25T09:16:57.878424,35,54.61,75.0,67.7,100,1.66,grid
2026-03-25T09:16:57.958410,40,55.54,40.0,67.7,100,1.78,grid
2026-03-25T09:16:58.040408,45,56.13,25.0,67.7,100,2.0,grid
2026-03-25T09:16:58.124483,50,56.51,0.0,67.7,100,2.08,grid
2026-03-25T09:16:58.209888,55,56.78,0.0,67.7,100,2.26,grid
2026-03-25T09:16:58.290328,60,57.2,60.0,67.7,100,2.26,grid
2026-03-25T09:16:58.372495,65,61.1,0.0,67.7,100,2.22,grid
2026-03-25T09:16:58.453696,70,61.1,0.0,67.7,100,2.14,grid
2026-03-25T09:16:58.536723,75,60.98,0.0,67.7,100,2.22,grid
2026-03-25T09:16:58.619426,80,60.95,25.0,67.7,100,2.58,grid
2026-03-25T09:16:58.702972,85,60.87,50.0,67.7,100,2.94,grid
2026-03-25T09:16:58.785943,90,61.12,0.0,67.7,100,3.14,grid
2026-03-25T09:16:58.868410,95,60.97,25.0,67.7,100,3.36,grid
2026-03-25T09:16:58.952035,100,60.72,100.0,67.8,100,3.56,grid
2026-03-25T09:16:59.038128,105,60.47,25.0,67.8,100,3.64,grid
2026-03-25T09:16:59.123031,110,60.39,0.0,67.8,100,3.5,grid
2026-03-25T09:16:59.204808,115,60.54,0.0,67.8,100,3.5,grid
2026-03-25T09:16:59.286083,120,60.49,0.0,67.8,100,3.56,grid
2026-03-25T09:16:59.368379,125,60.45,50.0,67.8,100,3.96,grid
2026-03-25T09:16:59.448269,130,60.53,100.0,67.8,100,4.42,grid
2026-03-25T09:16:59.530612,135,60.57,0.0,67.8,100,4.9,grid
2026-03-25T09:16:59.615027,140,60.47,25.0,67.8,100,5.18,grid
2026-03-25T09:16:59.699242,145,60.44,75.0,67.8,100,5.08,grid
2026-03-25T09:16:59.782146,150,60.44,0.0,67.8,100,5.08,grid
2026-03-25T09:16:59.866224,155,60.34,25.0,67.8,100,5.16,grid
2026-03-25T09:16:59.950386,160,60.31,100.0,67.8,100,4.98,grid
2026-03-25T09:17:00.036881,165,60.23,100.0,67.8,100,4.9,grid
2026-03-25T09:17:00.125170,170,60.09,0.0,67.8,100,4.98,grid
2026-03-25T09:17:00.207204,175,60.05,0.0,67.8,100,4.94,grid
2026-03-25T09:17:00.288261,180,60.09,25.0,67.8,100,5.16,grid
2026-03-25T09:17:00.370677,185,60.22,50.0,67.8,100,5.34,grid
2026-03-25T09:17:00.452442,190,60.11,50.0,67.8,100,5.3,grid
2026-03-25T09:17:00.534445,195,60.13,0.0,67.8,100,5.18,grid
2026-03-25T09:17:00.616357,200,60.28,25.0,67.8,100,4.88,grid
2026-03-25T09:17:00.701356,205,60.26,80.0,67.8,100,4.56,grid
2026-03-25T09:17:00.784356,210,60.25,0.0,67.8,100,4.3,grid
2026-03-25T09:17:00.868357,215,60.26,25.0,67.8,100,4.14,grid
2026-03-25T09:17:00.949356,220,60.44,50.0,67.8,100,4.18,grid
2026-03-25T09:17:01.032347,225,60.69,0.0,67.8,100,4.24,grid
2026-03-25T09:17:01.115346,230,60.95,60.0,67.9,100,4.18,grid
2026-03-25T09:17:01.197367,235,60.96,50.0,67.9,100,4.22,grid
2026-03-25T09:17:01.281356,240,60.76,25.0,67.9,100,4.06,grid
2026-03-25T09:17:01.362356,245,60.69,0.0,67.9,100,4.3,grid
2026-03-25T09:17:01.445348,250,60.62,50.0,67.9,100,4.9,grid
2026-03-25T09:17:01.528361,255,60.56,25.0,67.9,100,5.34,grid
2026-03-25T09:17:01.611358,260,60.49,0.0,67.9,100,5.34,grid
2026-03-25T09:17:01.694347,265,60.59,75.0,67.9,100,4.98,grid
2026-03-25T09:17:01.778347,270,60.52,25.0,67.9,100,4.82,grid
2026-03-25T09:17:01.861362,275,60.59,0.0,67.9,100,4.54,grid
2026-03-25T09:17:01.944352,280,60.47,50.0,67.9,100,4.5,grid
2026-03-25T09:17:02.028458,285,60.41,50.0,67.9,100,4.46,grid
2026-03-25T09:17:02.111620,290,60.4,60.0,67.9,100,4.68,grid
2026-03-25T09:17:02.194156,295,60.37,50.0,67.9,100,4.74,grid
2026-03-25T09:17:02.277859,300,60.39,25.0,67.9,100,4.74,grid
2026-03-25T09:17:02.361886,305,60.25,50.0,67.9,100,4.58,grid
2026-03-25T09:17:02.443094,310,60.38,75.0,67.9,100,4.3,grid
2026-03-25T09:17:02.527188,315,60.33,0.0,67.9,100,4.1,grid
2026-03-25T09:17:02.611277,320,60.27,0.0,68.0,100,3.96,grid
2026-03-25T09:17:02.693301,325,60.32,0.0,68.0,100,3.98,grid
2026-03-25T09:17:02.777444,330,60.32,0.0,68.0,100,3.88,grid
2026-03-25T09:17:02.860953,335,60.33,0.0,68.0,100,3.78,grid
2026-03-25T09:17:02.943315,340,60.36,25.0,68.0,100,3.62,grid
2026-03-25T09:17:03.026597,345,60.45,0.0,68.0,100,3.64,grid
2026-03-25T09:17:03.109640,350,60.47,50.0,68.0,100,3.8,grid
2026-03-25T09:17:03.192765,355,60.47,50.0,68.0,100,4.02,grid
2026-03-25T09:17:03.276613,360,60.54,0.0,68.0,100,4.2,grid
2026-03-25T09:17:03.357607,365,60.67,50.0,68.0,100,4.48,grid
2026-03-25T09:17:03.437302,370,60.79,0.0,68.0,100,4.56,grid
2026-03-25T09:17:03.518395,375,60.96,0.0,68.0,100,4.5,grid
2026-03-25T09:17:03.601378,380,61.01,33.3,68.0,100,4.48,grid
2026-03-25T09:17:03.683380,385,61.01,25.0,68.0,100,4.44,grid
2026-03-25T09:17:03.766278,390,61.1,0.0,68.0,100,4.44,grid
2026-03-25T09:17:03.848380,395,61.14,16.7,68.0,100,4.6,grid
2026-03-25T09:17:03.928303,400,61.29,16.7,68.0,100,4.7,grid
2026-03-25T09:17:04.011278,405,61.28,0.0,68.1,100,4.68,grid
2026-03-25T09:17:04.092913,410,61.37,0.0,68.1,100,4.92,grid
2026-03-25T09:17:04.176115,415,61.34,0.0,68.1,100,5.16,grid
2026-03-25T09:17:04.261024,420,61.19,0.0,68.1,100,5.78,grid
2026-03-25T09:17:04.344781,425,61.03,0.0,68.1,100,6.26,grid
2026-03-25T09:17:04.426474,430,60.85,0.0,68.1,100,7.14,grid
2026-03-25T09:17:04.511214,435,60.64,0.0,68.1,100,7.78,grid
2026-03-25T09:17:04.593909,440,60.65,0.0,68.1,100,8.44,grid
2026-03-25T09:17:04.677910,445,60.54,100.0,68.1,100,8.8,grid
2026-03-25T09:17:04.761885,450,60.48,0.0,68.1,100,9.18,grid
2026-03-25T09:17:04.846915,455,60.3,50.0,68.1,100,9.64,grid
2026-03-25T09:17:04.930980,460,60.07,25.0,68.1,100,10.28,grid
2026-03-25T09:17:05.015980,465,59.93,25.0,68.1,100,10.58,grid
2026-03-25T09:17:05.098847,470,59.85,0.0,68.1,100,10.2,grid
2026-03-25T09:17:05.182206,475,59.82,25.0,68.1,100,9.82,grid
2026-03-25T09:17:05.265970,480,59.89,0.0,68.1,100,9.34,grid
2026-03-25T09:17:05.350971,485,59.9,25.0,68.1,100,8.24,grid
2026-03-25T09:17:05.434972,490,59.76,25.0,68.1,100,6.8,grid
2026-03-25T09:17:05.516754,495,59.93,0.0,68.1,100,6.22,grid
2026-03-25T09:17:05.599363,500,59.94,40.0,68.1,100,5.68,grid
2026-03-25T09:17:05.680447,505,60.12,0.0,68.1,100,5.2,grid
2026-03-25T09:17:05.763454,510,60.18,25.0,68.1,100,5.04,grid
2026-03-25T09:17:05.844470,515,60.42,0.0,68.1,100,5.12,grid
2026-03-25T09:17:05.926009,520,60.56,0.0,68.1,100,5.5,grid
2026-03-25T09:17:06.008959,525,60.68,0.0,68.2,100,6.34,grid
2026-03-25T09:17:06.092788,530,60.62,25.0,68.2,100,6.92,grid
2026-03-25T09:17:06.176005,535,60.62,0.0,68.2,100,7.68,grid
2026-03-25T09:17:06.258556,540,60.78,0.0,68.2,100,8.2,grid
2026-03-25T09:17:06.338149,545,61.04,25.0,68.2,100,8.26,grid
2026-03-25T09:17:06.419939,550,61.22,0.0,68.2,100,7.64,grid
2026-03-25T09:17:06.502275,555,61.19,0.0,68.2,100,7.06,grid
2026-03-25T09:17:06.586199,560,61.11,0.0,68.2,100,6.44,grid
2026-03-25T09:17:06.668803,565,61.0,0.0,68.2,100,6.02,grid
2026-03-25T09:17:06.751164,570,61.04,0.0,68.2,100,5.62,grid
2026-03-25T09:17:06.833804,575,60.94,0.0,68.2,100,5.4,grid
2026-03-25T09:17:06.914847,580,60.95,50.0,68.2,100,5.4,grid
2026-03-25T09:17:06.998225,585,60.95,0.0,68.2,100,5.52,grid
2026-03-25T09:17:07.082201,590,60.94,0.0,68.2,100,5.64,grid
2026-03-25T09:17:07.165948,595,60.92,25.0,68.2,100,5.74,grid
2026-03-25T09:17:07.250857,600,60.7,0.0,68.2,100,5.4,grid
2026-03-25T09:17:07.335859,605,60.36,0.0,68.2,100,4.84,grid
2026-03-25T09:17:07.420886,610,60.12,0.0,68.2,100,4.58,grid
2026-03-25T09:17:07.503862,615,60.11,0.0,68.2,100,4.44,grid
2026-03-25T09:17:07.586494,620,60.2,0.0,68.2,100,4.34,grid
2026-03-25T09:17:07.668883,625,60.22,0.0,68.2,100,4.52,grid
2026-03-25T09:17:07.752205,630,60.17,0.0,68.2,100,4.54,grid
2026-03-25T09:17:07.836296,635,60.14,0.0,68.2,100,4.82,grid
2026-03-25T09:17:07.917702,640,60.12,25.0,68.2,100,4.94,grid
2026-03-25T09:17:07.998811,645,60.25,75.0,68.2,100,4.96,grid
2026-03-25T09:17:08.079125,650,60.47,0.0,68.2,100,5.34,grid
2026-03-25T09:17:08.162554,655,60.49,0.0,68.2,100,5.5,grid
2026-03-25T09:17:08.245174,660,60.62,50.0,68.2,100,5.58,grid
2026-03-25T09:17:08.328093,665,60.74,25.0,68.2,100,5.54,grid
2026-03-25T09:17:08.413094,670,60.75,40.0,68.2,100,5.56,grid
2026-03-25T09:17:08.497093,675,60.65,100.0,68.2,100,5.6,grid
2026-03-25T09:17:08.580092,680,60.62,0.0,68.2,100,5.82,grid
2026-03-25T09:17:08.665086,685,60.44,0.0,68.2,100,5.4,grid
2026-03-25T09:17:08.746997,690,60.53,50.0,68.2,100,5.0,grid
2026-03-25T09:17:08.829534,695,60.58,0.0,68.2,100,4.84,grid
2026-03-25T09:17:08.913263,700,60.44,0.0,68.2,100,4.74,grid
2026-03-25T09:17:08.996287,705,60.33,75.0,68.2,100,4.7,grid
2026-03-25T09:17:09.077264,710,60.3,25.0,68.2,100,4.5,grid
2026-03-25T09:17:09.158391,715,60.44,40.0,68.2,100,4.4,grid
2026-03-25T09:17:09.241392,720,60.42,100.0,68.2,100,4.5,grid
2026-03-25T09:17:09.324950,725,60.4,50.0,68.2,100,4.6,grid
2026-03-25T09:17:09.409836,730,60.41,0.0,68.2,100,4.76,grid
2026-03-25T09:17:09.493964,735,60.4,50.0,68.2,100,4.7,grid
2026-03-25T09:17:09.577181,740,60.39,25.0,68.2,100,4.62,grid
2026-03-25T09:17:09.659554,745,60.55,0.0,68.2,100,4.7,grid
2026-03-25T09:17:09.740906,750,60.59,75.0,68.2,100,4.82,grid
2026-03-25T09:17:09.825379,755,60.46,25.0,68.2,100,4.58,grid
2026-03-25T09:17:09.909367,760,60.45,100.0,68.2,100,4.52,grid
2026-03-25T09:17:09.993376,765,60.38,100.0,68.2,100,4.38,grid
2026-03-25T09:17:10.076278,770,60.25,25.0,68.2,100,4.18,grid
2026-03-25T09:17:10.161371,775,60.01,0.0,68.2,100,4.3,grid
2026-03-25T09:17:10.245375,780,59.95,100.0,68.2,100,4.48,grid
2026-03-25T09:17:10.329376,785,59.95,0.0,68.2,100,4.98,grid
2026-03-25T09:17:10.411375,790,60.11,0.0,68.2,100,5.0,grid
2026-03-25T09:17:10.494749,795,60.15,50.0,68.2,100,5.22,grid
2026-03-25T09:17:10.576994,800,60.21,50.0,68.2,100,5.14,grid
2026-03-25T09:17:10.660149,805,60.19,66.7,68.2,100,5.48,grid
2026-03-25T09:17:10.745149,810,59.97,33.3,68.2,100,5.86,grid
2026-03-25T09:17:10.829048,815,60.0,0.0,68.2,100,5.82,grid
2026-03-25T09:17:10.912156,820,60.05,0.0,68.2,100,5.88,grid
2026-03-25T09:17:10.994151,825,60.17,80.0,68.2,100,6.08,grid
2026-03-25T09:17:11.076083,830,60.23,0.0,68.2,100,6.22,grid
2026-03-25T09:17:11.158084,835,60.42,0.0,68.2,100,5.86,grid
2026-03-25T09:17:11.241050,840,60.48,75.0,68.2,100,5.28,grid
2026-03-25T09:17:11.326048,845,60.38,0.0,68.2,100,4.74,grid
2026-03-25T09:17:11.409047,850,60.32,33.3,68.2,100,4.44,grid
2026-03-25T09:17:11.493048,855,60.29,100.0,68.2,100,4.38,grid
2026-03-25T09:17:11.578266,860,60.12,50.0,68.2,100,4.32,grid
2026-03-25T09:17:11.659250,865,60.23,0.0,68.2,100,4.22,grid
2026-03-25T09:17:11.740258,870,60.47,50.0,68.2,100,4.06,grid
2026-03-25T09:17:11.824252,875,60.47,0.0,68.2,100,4.3,grid
2026-03-25T09:17:11.907245,880,60.48,0.0,68.2,100,4.36,grid
2026-03-25T09:17:11.992244,885,60.31,50.0,68.3,100,4.24,grid
2026-03-25T09:17:12.076706,890,60.15,25.0,68.3,100,4.2,grid
2026-03-25T09:17:12.160669,895,60.03,0.0,68.3,100,4.34,grid
2026-03-25T09:17:12.244450,900,59.99,0.0,68.3,100,4.6,grid
2026-03-25T09:17:12.326031,905,60.23,25.0,68.3,100,4.66,grid
2026-03-25T09:17:12.408571,910,60.27,0.0,68.3,100,4.8,grid
2026-03-25T09:17:12.490221,915,60.4,0.0,68.3,100,4.88,grid
2026-03-25T09:17:12.573319,920,60.53,0.0,68.3,100,5.04,grid
2026-03-25T09:17:12.657078,925,60.36,0.0,68.3,100,5.14,grid
2026-03-25T09:17:12.741134,930,60.18,0.0,68.3,100,5.08,grid
2026-03-25T09:17:12.824460,935,60.26,0.0,68.3,100,5.18,grid
2026-03-25T09:17:12.905487,940,60.44,0.0,68.3,100,5.16,grid
2026-03-25T09:17:12.988490,945,60.67,100.0,68.3,100,5.16,grid
2026-03-25T09:17:13.069489,950,60.92,75.0,68.3,100,5.14,grid
2026-03-25T09:17:13.153480,955,60.97,25.0,68.3,100,5.18,grid
2026-03-25T09:17:13.236461,960,61.1,0.0,68.3,100,5.3,grid
2026-03-25T09:17:13.317456,965,61.09,25.0,68.3,100,5.5,grid
2026-03-25T09:17:13.399453,970,61.12,75.0,68.3,100,5.64,grid
2026-03-25T09:17:13.482453,975,61.04,100.0,68.3,100,6.0,grid
2026-03-25T09:17:13.563465,980,61.16,0.0,68.3,100,6.3,grid
2026-03-25T09:17:13.646455,985,61.22,0.0,68.3,100,6.64,grid
2026-03-25T09:17:13.727460,990,61.41,75.0,68.3,100,6.88,grid
2026-03-25T09:17:13.809455,995,61.45,50.0,68.3,100,6.82,grid
2026-03-25T09:17:13.893456,1000,61.2,20.0,68.3,100,6.76,grid
2026-03-25T09:17:13.977467,1005,61.04,25.0,68.3,100,6.62,grid
2026-03-25T09:17:14.057485,1010,61.06,0.0,68.3,100,6.62,grid
2026-03-25T09:17:14.139487,1015,61.13,25.0,68.3,100,6.86,grid
2026-03-25T09:17:14.220976,1020,61.13,0.0,68.3,100,7.0,grid
2026-03-25T09:17:14.306091,1025,60.91,0.0,68.5,100,7.24,grid
2026-03-25T09:17:14.388524,1030,60.89,25.0,68.5,100,7.78,grid
2026-03-25T09:17:14.472826,1035,60.83,33.3,68.5,100,8.08,grid
2026-03-25T09:17:14.556044,1040,60.71,0.0,68.5,100,8.38,grid
2026-03-25T09:17:14.639739,1045,60.68,25.0,68.5,100,8.7,grid
2026-03-25T09:17:14.722291,1050,60.65,33.3,68.5,100,9.24,grid
2026-03-25T09:17:14.803957,1055,60.66,0.0,68.5,100,9.44,grid
2026-03-25T09:17:14.886306,1060,60.8,25.0,68.5,100,9.22,grid
2026-03-25T09:17:14.968416,1065,60.95,0.0,68.5,100,8.96,grid
2026-03-25T09:17:15.050863,1070,60.84,0.0,68.5,100,8.6,grid
2026-03-25T09:17:15.131567,1075,60.94,0.0,68.7,100,8.2,grid
2026-03-25T09:17:15.215153,1080,60.82,25.0,68.7,100,7.86,grid
2026-03-25T09:17:15.296456,1085,61.08,25.0,68.7,100,7.48,grid
2026-03-25T09:17:15.376131,1090,61.25,0.0,68.7,100,7.32,grid
2026-03-25T09:17:15.460226,1095,61.24,25.0,68.8,100,7.16,grid
2026-03-25T09:17:15.544225,1100,61.18,50.0,68.9,100,7.18,grid
2026-03-25T09:17:15.629144,1105,61.09,0.0,68.9,100,7.06,grid
2026-03-25T09:17:15.709228,1110,61.19,0.0,68.9,100,7.08,grid
2026-03-25T09:17:15.792802,1115,61.07,0.0,68.9,100,7.44,grid
2026-03-25T09:17:15.876018,1120,60.97,0.0,68.9,100,7.58,grid
2026-03-25T09:17:15.957909,1125,60.96,25.0,68.9,100,7.76,grid
2026-03-25T09:17:16.038726,1130,61.02,50.0,68.9,100,7.76,grid
2026-03-25T09:17:16.122085,1135,60.93,0.0,68.9,100,8.0,grid
2026-03-25T09:17:16.204962,1140,61.03,0.0,68.9,100,8.22,grid
2026-03-25T09:17:16.288965,1145,60.82,50.0,68.9,100,8.52,grid
2026-03-25T09:17:16.373974,1150,60.49,25.0,68.9,100,8.68,grid
2026-03-25T09:17:16.459030,1155,60.43,0.0,68.9,100,8.9,grid
2026-03-25T09:17:16.544071,1160,60.36,50.0,68.9,100,8.7,grid
2026-03-25T09:17:16.629096,1165,60.35,0.0,68.9,100,8.64,grid
2026-03-25T09:17:16.714096,1170,60.04,25.0,68.9,100,8.36,grid
2026-03-25T09:17:16.794560,1175,60.23,60.0,68.9,100,8.28,grid
2026-03-25T09:17:16.875798,1180,60.35,0.0,68.9,100,8.28,grid
2026-03-25T09:17:16.955819,1185,60.45,0.0,68.9,100,8.12,grid
2026-03-25T09:17:17.038248,1190,60.41,0.0,68.9,100,8.06,grid
2026-03-25T09:17:17.120495,1195,60.41,0.0,68.9,100,7.96,grid
2026-03-25T09:17:17.202019,1200,60.46,0.0,68.9,100,7.88,grid
2026-03-25T09:17:17.285747,1205,60.58,75.0,68.9,100,7.76,grid
2026-03-25T09:17:17.366704,1210,60.82,0.0,68.9,100,7.66,grid
2026-03-25T09:17:17.450017,1215,60.96,25.0,68.9,100,7.6,grid
2026-03-25T09:17:17.531138,1220,61.22,0.0,68.9,100,7.62,grid
2026-03-25T09:17:17.612698,1225,61.44,0.0,68.9,100,7.64,grid
2026-03-25T09:17:17.692681,1230,61.75,0.0,68.9,100,7.68,grid
2026-03-25T09:17:17.774905,1235,61.69,100.0,68.9,100,7.56,grid
2026-03-25T09:17:17.857021,1240,61.64,25.0,68.9,100,7.54,grid
2026-03-25T09:17:17.938266,1245,61.56,0.0,68.9,100,7.54,grid
2026-03-25T09:17:18.022217,1250,61.48,100.0,68.9,100,7.58,grid
2026-03-25T09:17:18.103237,1255,61.58,25.0,68.9,100,7.64,grid
2026-03-25T09:17:18.184237,1260,61.63,25.0,68.9,100,7.52,grid
2026-03-25T09:17:18.268217,1265,61.53,100.0,68.9,100,7.44,grid
2026-03-25T09:17:18.351222,1270,61.44,100.0,68.9,100,7.44,grid
2026-03-25T09:17:18.432030,1275,61.58,0.0,68.9,100,7.52,grid
2026-03-25T09:17:18.514520,1280,61.48,0.0,68.9,100,7.6,grid
2026-03-25T09:17:18.595927,1285,61.48,33.3,68.9,100,7.66,grid
2026-03-25T09:17:18.678151,1290,61.35,0.0,68.9,100,7.6,grid
2026-03-25T09:17:18.759075,1295,61.38,0.0,68.9,100,7.56,grid
2026-03-25T09:17:18.841981,1300,61.33,25.0,68.9,100,7.68,grid
2026-03-25T09:17:18.924822,1305,61.24,0.0,68.9,100,7.64,grid
2026-03-25T09:17:19.006810,1310,61.3,0.0,68.9,100,7.86,grid
2026-03-25T09:17:19.090408,1315,61.08,0.0,68.9,100,7.88,grid
2026-03-25T09:17:19.172731,1320,60.95,0.0,68.9,100,7.98,grid
2026-03-25T09:17:19.254343,1325,61.06,0.0,68.9,100,8.08,grid
2026-03-25T09:17:19.336241,1330,61.1,0.0,68.9,100,8.16,grid
2026-03-25T09:17:19.420868,1335,60.89,0.0,69.1,100,8.2,grid
2026-03-25T09:17:19.504540,1340,60.84,33.3,69.1,100,8.44,grid
2026-03-25T09:17:19.587708,1345,60.79,0.0,69.1,100,8.62,grid
2026-03-25T09:17:19.669991,1350,60.77,25.0,69.1,100,8.82,grid
2026-03-25T09:17:19.752299,1355,60.74,0.0,69.1,100,9.16,grid
2026-03-25T09:17:19.837221,1360,60.65,0.0,69.1,100,9.64,grid
2026-03-25T09:17:19.920114,1365,60.67,25.0,69.1,100,9.98,grid
2026-03-25T09:17:20.004202,1370,60.58,33.3,69.1,100,10.3,grid
2026-03-25T09:17:20.088057,1375,60.55,0.0,69.1,100,10.52,grid
2026-03-25T09:17:20.172765,1380,60.42,0.0,69.1,100,10.98,grid
2026-03-25T09:17:20.256043,1385,60.37,0.0,69.1,100,11.18,grid
2026-03-25T09:17:20.339183,1390,60.3,0.0,69.1,100,11.96,grid
2026-03-25T09:17:20.423755,1395,60.26,0.0,69.1,100,12.6,grid
2026-03-25T09:17:20.507991,1400,60.2,0.0,69.3,100,13.72,grid
2026-03-25T09:17:20.591712,1405,60.21,0.0,69.3,100,14.74,grid
2026-03-25T09:17:20.673237,1410,60.29,0.0,69.3,100,15.38,grid
2026-03-25T09:17:20.756839,1415,60.16,0.0,69.3,100,15.36,grid
2026-03-25T09:17:20.837225,1420,60.46,0.0,69.3,100,14.62,grid
2026-03-25T09:17:20.919662,1425,60.45,25.0,69.3,100,13.64,grid
2026-03-25T09:17:21.003217,1430,60.47,0.0,69.3,100,12.72,grid
2026-03-25T09:17:21.088140,1435,60.45,25.0,69.3,100,11.72,grid
2026-03-25T09:17:21.171932,1440,60.49,0.0,69.3,100,10.82,grid
2026-03-25T09:17:21.256906,1445,60.35,0.0,69.3,100,10.24,grid
2026-03-25T09:17:21.341934,1450,60.23,0.0,69.3,100,9.62,grid
2026-03-25T09:17:21.427001,1455,60.21,0.0,69.3,100,9.18,grid
2026-03-25T09:17:21.511946,1460,60.16,50.0,69.3,100,8.72,grid
2026-03-25T09:17:21.597009,1465,59.99,25.0,69.3,100,8.5,grid
2026-03-25T09:17:21.681901,1470,59.75,25.0,69.3,100,8.38,grid
2026-03-25T09:17:21.767914,1475,59.76,0.0,69.3,100,8.3,grid
2026-03-25T09:17:21.850605,1480,59.64,0.0,69.3,100,8.42,grid
2026-03-25T09:17:21.932843,1485,59.65,25.0,69.5,100,8.48,grid
2026-03-25T09:17:22.018130,1490,59.56,0.0,69.5,100,8.68,grid
2026-03-25T09:17:22.102581,1495,59.58,25.0,69.5,100,8.8,grid
2026-03-25T09:17:22.186804,1500,59.63,50.0,69.5,100,8.94,grid
2026-03-25T09:17:22.271280,1505,59.75,75.0,69.5,100,8.84,grid
2026-03-25T09:17:22.353124,1510,59.93,25.0,69.5,100,8.64,grid
2026-03-25T09:17:22.435936,1515,60.08,25.0,69.5,100,8.44,grid
2026-03-25T09:17:22.518776,1520,60.23,0.0,69.5,100,8.1,grid
2026-03-25T09:17:22.601562,1525,60.37,0.0,69.5,100,8.06,grid
2026-03-25T09:17:22.684014,1530,60.56,25.0,69.5,100,7.92,grid
2026-03-25T09:17:22.770323,1535,60.62,100.0,69.5,100,7.7,grid
2026-03-25T09:17:22.851279,1540,60.65,100.0,69.5,100,7.6,grid
2026-03-25T09:17:22.933281,1545,60.72,0.0,69.5,100,7.38,grid
2026-03-25T09:17:23.015179,1550,60.99,0.0,69.5,100,7.4,grid
2026-03-25T09:17:23.100092,1555,60.96,25.0,69.5,100,7.42,grid
2026-03-25T09:17:23.183142,1560,61.0,25.0,69.5,100,7.36,grid
2026-03-25T09:17:23.267814,1565,60.95,0.0,69.5,100,7.36,grid
2026-03-25T09:17:23.351221,1570,60.9,25.0,69.5,100,7.32,grid
2026-03-25T09:17:23.436369,1575,60.84,25.0,69.5,100,7.34,grid
2026-03-25T09:17:23.519845,1580,60.81,25.0,69.5,100,7.4,grid
2026-03-25T09:17:23.601499,1585,60.89,25.0,69.5,100,7.42,grid
2026-03-25T09:17:23.685530,1590,60.78,0.0,69.5,100,7.44,grid
2026-03-25T09:17:23.769016,1595,60.77,33.3,69.5,100,7.46,grid
2026-03-25T09:17:23.854824,1600,60.49,25.0,69.5,100,7.48,grid
2026-03-25T09:17:23.936826,1605,60.45,25.0,69.5,100,7.62,grid
2026-03-25T09:17:24.020827,1610,60.24,100.0,69.5,100,7.64,grid
2026-03-25T09:17:24.102869,1615,60.38,100.0,69.5,100,7.6,grid
2026-03-25T09:17:24.186849,1620,60.31,0.0,69.5,100,7.52,grid
2026-03-25T09:17:24.269839,1625,60.45,50.0,69.5,100,7.56,grid
2026-03-25T09:17:24.352836,1630,60.44,0.0,69.5,100,7.62,grid
2026-03-25T09:17:24.435842,1635,60.48,50.0,69.5,100,7.64,grid
2026-03-25T09:17:24.519829,1640,60.47,75.0,69.5,100,7.68,grid
2026-03-25T09:17:24.602871,1645,60.36,50.0,69.5,100,7.7,grid
2026-03-25T09:17:24.685869,1650,60.41,25.0,69.5,100,7.8,grid
2026-03-25T09:17:24.769922,1655,60.34,0.0,69.5,100,7.76,grid
2026-03-25T09:17:24.853793,1660,60.5,50.0,69.5,100,7.76,grid
2026-03-25T09:17:24.935900,1665,60.46,0.0,69.5,100,7.66,grid
2026-03-25T09:17:25.019770,1670,60.5,25.0,69.5,100,7.72,grid
2026-03-25T09:17:25.102905,1675,60.43,25.0,69.5,100,7.9,grid
2026-03-25T09:17:25.186771,1680,60.42,0.0,69.5,100,7.94,grid
2026-03-25T09:17:25.269772,1685,60.4,50.0,69.5,100,8.06,grid
2026-03-25T09:17:25.352313,1690,60.41,25.0,69.5,100,8.16,grid
2026-03-25T09:17:25.436201,1695,60.37,0.0,69.5,100,8.18,grid
2026-03-25T09:17:25.519131,1700,60.38,25.0,69.5,100,8.12,grid
2026-03-25T09:17:25.604103,1705,60.33,25.0,69.7,100,8.22,grid
2026-03-25T09:17:25.688189,1710,60.24,0.0,69.7,100,8.26,grid
2026-03-25T09:17:25.772725,1715,60.21,0.0,69.7,100,8.24,grid
2026-03-25T09:17:25.853194,1720,60.36,0.0,69.7,100,8.12,grid
2026-03-25T09:17:25.936043,1725,60.33,25.0,69.7,100,7.82,grid
2026-03-25T09:17:26.017471,1730,60.47,0.0,69.7,100,7.74,grid
2026-03-25T09:17:26.100220,1735,60.52,0.0,69.7,100,7.82,grid
2026-03-25T09:17:26.185278,1740,60.45,25.0,69.7,100,8.04,grid
2026-03-25T09:17:26.269952,1745,60.32,0.0,69.7,100,8.32,grid
2026-03-25T09:17:26.352864,1750,60.31,40.0,69.7,100,8.62,grid
2026-03-25T09:17:26.436869,1755,60.3,25.0,69.7,100,9.48,grid
2026-03-25T09:17:26.518895,1760,60.35,50.0,69.7,100,10.34,grid
2026-03-25T09:17:26.602878,1765,60.36,0.0,69.7,100,11.44,grid
2026-03-25T09:17:26.685863,1770,60.42,25.0,69.7,100,12.02,grid
2026-03-25T09:17:26.770877,1775,60.4,0.0,69.7,100,12.48,grid
2026-03-25T09:17:26.855874,1780,60.12,0.0,69.7,100,12.9,grid
2026-03-25T09:17:26.941872,1785,59.93,0.0,69.7,100,12.62,grid
2026-03-25T09:17:27.026863,1790,59.7,50.0,69.7,100,12.56,grid
2026-03-25T09:17:27.110961,1795,59.59,0.0,69.7,100,12.36,grid
2026-03-25T09:17:27.194870,1800,59.62,0.0,69.7,100,11.9,grid
2026-03-25T09:17:27.278873,1805,59.66,0.0,69.7,100,11.78,grid
2026-03-25T09:17:27.361873,1810,59.64,0.0,69.7,100,11.32,grid
2026-03-25T09:17:27.446865,1815,59.58,0.0,69.7,100,11.5,grid
2026-03-25T09:17:27.531867,1820,59.43,0.0,69.7,100,11.34,grid
2026-03-25T09:17:27.614761,1825,59.5,0.0,69.7,100,11.14,grid
2026-03-25T09:17:27.695919,1830,59.63,75.0,69.7,100,10.78,grid
2026-03-25T09:17:27.778362,1835,59.85,0.0,69.7,100,10.62,grid
2026-03-25T09:17:27.860076,1840,60.05,0.0,69.7,100,10.3,grid
2026-03-25T09:17:27.945076,1845,60.11,0.0,69.7,100,10.14,grid
2026-03-25T09:17:28.026667,1850,60.31,0.0,69.7,100,9.9,grid
2026-03-25T09:17:28.106218,1855,60.6,25.0,69.7,100,9.56,grid
2026-03-25T09:17:28.188201,1860,60.73,0.0,69.7,100,9.32,grid
2026-03-25T09:17:28.272322,1865,60.69,25.0,69.7,100,9.18,grid
2026-03-25T09:17:28.355321,1870,60.69,25.0,69.7,100,9.02,grid
2026-03-25T09:17:28.437443,1875,60.87,0.0,69.7,100,9.0,grid
2026-03-25T09:17:28.520448,1880,60.96,50.0,69.7,100,9.06,grid
2026-03-25T09:17:28.601706,1885,61.06,0.0,69.7,100,9.06,grid
2026-03-25T09:17:28.683007,1890,61.04,0.0,69.7,100,8.86,grid
2026-03-25T09:17:28.766741,1895,60.97,0.0,69.7,100,8.72,grid
2026-03-25T09:17:28.850407,1900,60.85,0.0,69.7,100,8.56,grid
2026-03-25T09:17:28.933534,1905,61.1,25.0,69.7,100,8.5,grid
2026-03-25T09:17:29.016262,1910,61.03,0.0,69.7,100,8.32,grid
2026-03-25T09:17:29.099108,1915,60.85,25.0,69.7,100,8.22,grid
2026-03-25T09:17:29.183826,1920,60.72,0.0,69.7,100,8.24,grid
2026-03-25T09:17:29.268033,1925,60.73,20.0,69.7,100,8.26,grid
2026-03-25T09:17:29.349476,1930,60.82,50.0,69.7,100,8.28,grid
2026-03-25T09:17:29.433752,1935,60.73,25.0,69.7,100,8.44,grid
2026-03-25T09:17:29.517820,1940,60.75,0.0,69.7,100,8.54,grid
2026-03-25T09:17:29.600095,1945,60.66,0.0,69.7,100,8.76,grid
2026-03-25T09:17:29.683830,1950,60.56,0.0,69.7,100,8.86,grid
2026-03-25T09:17:29.767284,1955,60.6,0.0,69.7,100,8.94,grid
2026-03-25T09:17:29.847531,1960,60.84,100.0,69.7,100,8.9,grid
2026-03-25T09:17:29.929526,1965,60.8,0.0,69.7,100,8.88,grid
2026-03-25T09:17:30.015463,1970,60.67,0.0,69.7,100,8.96,grid
2026-03-25T09:17:30.098814,1975,60.63,0.0,69.7,100,8.94,grid
2026-03-25T09:17:30.183686,1980,60.67,0.0,69.7,100,9.0,grid
2026-03-25T09:17:30.264559,1985,60.93,0.0,69.7,100,8.98,grid
2026-03-25T09:17:30.346007,1990,60.98,66.7,69.7,100,9.08,grid
2026-03-25T09:17:30.428253,1995,61.07,0.0,69.7,100,9.14,grid
2026-03-25T09:17:30.508670,2000,61.22,0.0,69.7,100,9.16,grid
2026-03-25T09:17:30.589650,2005,61.32,75.0,69.7,100,9.22,grid
2026-03-25T09:17:30.669650,2010,61.51,25.0,69.7,100,9.32,grid
2026-03-25T09:17:30.749691,2015,61.61,0.0,69.7,100,9.3,grid
2026-03-25T09:17:30.830660,2020,61.55,0.0,69.7,100,9.32,grid
2026-03-25T09:17:30.911650,2025,61.62,0.0,69.7,100,9.4,grid
2026-03-25T09:17:30.993515,2030,61.81,0.0,69.7,100,9.4,grid
2026-03-25T09:17:31.076787,2035,61.8,0.0,69.7,100,9.34,grid
2026-03-25T09:17:31.157600,2040,61.95,0.0,69.7,100,9.4,grid
2026-03-25T09:17:31.239612,2045,61.82,25.0,69.7,100,9.42,grid
2026-03-25T09:17:31.322601,2050,61.68,25.0,69.7,100,9.44,grid
2026-03-25T09:17:31.406541,2055,61.56,25.0,69.7,100,9.56,grid
2026-03-25T09:17:31.487622,2060,61.52,16.7,69.7,100,9.6,grid
2026-03-25T09:17:31.568599,2065,61.5,25.0,69.7,100,9.64,grid
2026-03-25T09:17:31.649618,2070,61.44,0.0,69.7,100,9.68,grid
2026-03-25T09:17:31.732556,2075,61.35,25.0,69.7,100,9.62,grid
2026-03-25T09:17:31.816877,2080,61.18,0.0,69.7,100,9.64,grid
2026-03-25T09:17:31.897849,2085,61.17,0.0,69.7,100,9.6,grid
2026-03-25T09:17:31.981728,2090,61.09,25.0,69.7,100,9.56,grid
2026-03-25T09:17:32.065148,2095,61.16,0.0,69.8,100,9.58,grid
2026-03-25T09:17:32.147256,2100,61.1,25.0,69.8,100,9.58,grid
2026-03-25T09:17:32.237084,2105,60.66,0.0,69.8,100,9.58,grid
2026-03-25T09:17:32.320793,2110,60.61,0.0,69.8,100,9.58,grid
2026-03-25T09:17:32.402164,2115,60.77,0.0,69.8,100,9.54,grid
2026-03-25T09:17:32.485065,2120,60.65,0.0,69.8,100,9.54,grid
2026-03-25T09:17:32.565419,2125,60.68,0.0,69.8,100,9.52,grid
2026-03-25T09:17:32.647346,2130,60.65,25.0,69.8,100,9.44,grid
2026-03-25T09:17:32.730255,2135,60.72,25.0,69.8,100,9.48,grid
2026-03-25T09:17:32.812522,2140,60.81,0.0,69.8,100,9.5,grid
2026-03-25T09:17:32.892968,2145,60.88,0.0,69.8,100,9.58,grid
2026-03-25T09:17:32.975537,2150,60.92,25.0,69.8,100,9.58,grid
2026-03-25T09:17:33.056203,2155,61.01,50.0,69.8,100,9.5,grid
2026-03-25T09:17:33.138017,2160,61.01,40.0,69.8,100,9.52,grid
2026-03-25T09:17:33.222924,2165,61.28,0.0,69.8,100,9.54,grid
2026-03-25T09:17:33.307925,2170,61.2,50.0,69.8,100,9.64,grid
2026-03-25T09:17:33.391924,2175,61.03,0.0,69.8,100,9.72,grid
2026-03-25T09:17:33.476915,2180,60.91,25.0,69.8,100,9.82,grid
2026-03-25T09:17:33.561946,2185,60.61,0.0,69.8,100,9.98,grid
2026-03-25T09:17:33.647943,2190,60.43,25.0,69.8,100,10.16,grid
2026-03-25T09:17:33.730410,2195,60.33,25.0,69.8,100,10.34,grid
2026-03-25T09:17:33.812132,2200,60.38,0.0,69.8,100,10.48,grid
2026-03-25T09:17:33.897934,2205,60.1,0.0,69.8,100,10.66,grid
2026-03-25T09:17:33.981036,2210,60.11,25.0,69.8,100,10.9,grid
2026-03-25T09:17:34.065905,2215,59.89,0.0,69.8,100,11.0,grid
2026-03-25T09:17:34.150951,2220,59.72,0.0,69.8,100,10.96,grid
2026-03-25T09:17:34.235426,2225,59.75,0.0,69.8,100,10.94,grid
2026-03-25T09:17:34.316989,2230,59.95,33.3,69.8,100,10.78,grid
2026-03-25T09:17:34.398646,2235,60.17,50.0,69.8,100,10.52,grid
2026-03-25T09:17:34.478748,2240,60.53,50.0,69.8,100,10.26,grid
2026-03-25T09:17:34.562246,2245,60.64,0.0,69.8,100,9.92,grid
2026-03-25T09:17:34.646189,2250,60.68,0.0,69.8,100,9.6,grid
2026-03-25T09:17:34.729173,2255,60.65,25.0,69.8,100,9.32,grid
2026-03-25T09:17:34.813939,2260,60.45,0.0,69.8,100,9.18,grid
2026-03-25T09:17:34.899810,2265,60.41,0.0,69.8,100,9.04,grid
2026-03-25T09:17:34.982207,2270,60.4,25.0,69.8,100,8.86,grid
2026-03-25T09:17:35.065957,2275,60.46,33.3,69.8,100,8.66,grid
2026-03-25T09:17:35.148554,2280,60.65,75.0,69.8,100,8.52,grid
2026-03-25T09:17:35.229530,2285,61.0,0.0,69.8,100,8.38,grid
2026-03-25T09:17:35.312262,2290,60.96,0.0,69.8,100,8.32,grid
2026-03-25T09:17:35.396792,2295,60.78,0.0,69.8,100,8.26,grid
2026-03-25T09:17:35.481426,2300,60.51,25.0,69.8,100,8.16,grid
2026-03-25T09:17:35.564035,2305,60.69,0.0,69.8,100,8.16,grid
2026-03-25T09:17:35.648093,2310,60.71,0.0,69.8,100,8.18,grid
2026-03-25T09:17:35.732811,2315,60.61,50.0,69.8,100,8.22,grid
2026-03-25T09:17:35.816230,2320,60.68,0.0,69.8,100,8.16,grid
2026-03-25T09:17:35.900143,2325,60.72,0.0,69.8,100,8.24,grid
2026-03-25T09:17:35.982350,2330,60.75,25.0,69.8,100,8.26,grid
2026-03-25T09:17:36.066487,2335,60.69,25.0,69.8,100,8.34,grid
2026-03-25T09:17:36.148745,2340,60.64,0.0,69.8,100,8.26,grid
2026-03-25T09:17:36.234078,2345,60.28,25.0,69.8,100,8.28,grid
2026-03-25T09:17:36.319080,2350,60.12,0.0,69.8,100,8.42,grid
2026-03-25T09:17:36.404078,2355,60.02,0.0,69.8,100,8.4,grid
2026-03-25T09:17:36.489089,2360,59.92,0.0,69.8,100,8.4,grid
2026-03-25T09:17:36.573076,2365,59.71,0.0,69.8,100,8.5,grid
2026-03-25T09:17:36.656976,2370,59.69,0.0,69.8,100,8.5,grid
2026-03-25T09:17:36.741990,2375,59.65,25.0,69.8,100,8.56,grid
2026-03-25T09:17:36.823751,2380,59.75,50.0,69.8,100,8.66,grid
2026-03-25T09:17:36.906818,2385,59.81,0.0,69.8,100,8.68,grid
2026-03-25T09:17:36.986816,2390,59.95,0.0,69.8,100,8.72,grid
2026-03-25T09:17:37.066815,2395,60.2,0.0,69.8,100,8.66,grid
2026-03-25T09:17:37.147837,2400,60.28,0.0,69.8,100,8.66,grid
2026-03-25T09:17:37.231941,2405,60.34,25.0,69.8,100,8.76,grid
2026-03-25T09:17:37.314811,2410,60.49,33.3,69.8,100,8.68,grid
2026-03-25T09:17:37.399910,2415,60.49,0.0,69.8,100,8.68,grid
2026-03-25T09:17:37.481357,2420,60.71,0.0,69.8,100,8.84,grid
2026-03-25T09:17:37.563173,2425,60.84,0.0,69.8,100,8.86,grid
2026-03-25T09:17:37.647262,2430,60.92,0.0,69.8,100,8.88,grid
2026-03-25T09:17:37.728187,2435,61.26,25.0,69.8,100,8.98,grid
2026-03-25T09:17:37.812953,2440,61.13,0.0,69.8,100,8.88,grid
2026-03-25T09:17:37.893955,2445,61.29,0.0,69.8,100,8.94,grid
2026-03-25T09:17:37.977728,2450,61.09,0.0,69.8,100,8.92,grid
2026-03-25T09:17:38.059741,2455,60.98,0.0,69.8,100,8.94,grid
2026-03-25T09:17:38.142227,2460,60.92,0.0,69.8,100,9.06,grid
2026-03-25T09:17:38.224720,2465,60.99,0.0,69.8,100,9.02,grid
2026-03-25T09:17:38.308143,2470,60.93,25.0,69.8,100,9.0,grid
2026-03-25T09:17:38.389626,2475,61.15,100.0,69.8,100,8.88,grid
2026-03-25T09:17:38.470662,2480,61.18,0.0,69.8,100,8.96,grid
2026-03-25T09:17:38.551089,2485,61.26,0.0,69.8,100,8.88,grid
2026-03-25T09:17:38.634903,2490,61.19,25.0,69.8,100,9.0,grid
2026-03-25T09:17:38.719019,2495,60.91,25.0,69.8,100,8.96,grid
2026-03-25T09:17:38.800920,2500,61.01,0.0,69.8,100,8.9,grid
2026-03-25T09:17:38.885343,2505,60.78,100.0,69.8,100,8.88,grid
2026-03-25T09:17:38.968231,2510,60.8,0.0,69.8,100,9.0,grid
2026-03-25T09:17:39.051543,2515,60.72,25.0,69.8,100,8.9,grid
2026-03-25T09:17:39.135131,2520,60.63,50.0,69.8,100,8.9,grid
2026-03-25T09:17:39.216650,2525,60.69,25.0,69.8,100,8.78,grid
2026-03-25T09:17:39.299201,2530,60.74,0.0,69.8,100,8.72,grid
2026-03-25T09:17:39.383823,2535,60.55,75.0,69.8,100,8.76,grid
2026-03-25T09:17:39.463653,2540,60.62,0.0,69.8,100,8.88,grid
2026-03-25T09:17:39.547672,2545,60.49,0.0,69.8,100,9.06,grid
2026-03-25T09:17:39.630824,2550,60.58,75.0,69.8,100,9.18,grid
2026-03-25T09:17:39.713884,2555,60.63,0.0,69.8,100,9.4,grid
2026-03-25T09:17:39.797537,2560,60.6,0.0,69.8,100,9.56,grid
2026-03-25T09:17:39.880170,2565,60.76,100.0,69.8,100,9.58,grid
2026-03-25T09:17:39.963114,2570,60.75,0.0,69.8,100,9.48,grid
2026-03-25T09:17:40.047450,2575,60.72,25.0,69.8,100,9.48,grid
2026-03-25T09:17:40.131766,2580,60.71,50.0,69.8,100,9.52,grid
2026-03-25T09:17:40.214351,2585,60.68,25.0,69.8,100,9.6,grid
2026-03-25T09:17:40.296901,2590,60.68,0.0,69.8,100,9.64,grid
2026-03-25T09:17:40.380255,2595,60.78,20.0,69.8,100,9.66,grid
2026-03-25T09:17:40.464367,2600,60.53,0.0,69.8,100,9.74,grid
2026-03-25T09:17:40.547364,2605,60.6,0.0,69.8,100,9.76,grid
2026-03-25T09:17:40.629819,2610,60.64,0.0,69.8,100,9.92,grid
2026-03-25T09:17:40.714916,2615,60.54,0.0,69.8,100,9.98,grid
2026-03-25T09:17:40.796751,2620,60.56,0.0,69.8,100,10.08,grid
2026-03-25T09:17:40.879817,2625,60.5,20.0,69.8,100,10.06,grid
2026-03-25T09:17:40.960190,2630,60.67,0.0,69.8,100,10.08,grid
2026-03-25T09:17:41.041824,2635,60.81,0.0,69.8,100,10.06,grid
2026-03-25T09:17:41.125236,2640,60.83,0.0,69.8,100,10.16,grid
2026-03-25T09:17:41.207211,2645,60.86,25.0,69.8,100,10.1,grid
2026-03-25T09:17:41.287833,2650,60.99,100.0,69.8,100,10.1,grid
2026-03-25T09:17:41.368312,2655,61.15,100.0,69.8,100,10.2,grid
2026-03-25T09:17:41.452512,2660,61.13,25.0,69.8,100,10.3,grid
2026-03-25T09:17:41.535579,2665,61.03,0.0,69.8,100,10.44,grid
2026-03-25T09:17:41.616542,2670,61.09,25.0,69.8,100,10.72,grid
2026-03-25T09:17:41.697625,2675,61.31,0.0,69.8,100,10.62,grid
2026-03-25T09:17:41.779526,2680,61.36,25.0,69.8,100,10.86,grid
2026-03-25T09:17:41.862068,2685,61.37,0.0,69.8,100,10.9,grid
2026-03-25T09:17:41.946022,2690,61.16,25.0,69.8,100,10.9,grid
2026-03-25T09:17:42.029140,2695,61.09,25.0,69.8,100,11.08,grid
2026-03-25T09:17:42.112398,2700,61.18,100.0,69.8,100,11.14,grid
2026-03-25T09:17:42.193521,2705,61.29,50.0,69.8,100,11.3,grid
2026-03-25T09:17:42.277632,2710,61.08,25.0,69.8,100,11.42,grid
2026-03-25T09:17:42.359556,2715,61.02,0.0,69.8,100,11.46,grid
2026-03-25T09:17:42.440381,2720,61.25,0.0,69.8,100,11.52,grid
2026-03-25T09:17:42.521745,2725,61.35,0.0,69.8,100,11.62,grid
2026-03-25T09:17:42.603648,2730,61.29,50.0,69.8,100,11.6,grid
2026-03-25T09:17:42.684650,2735,61.35,0.0,69.8,100,11.74,grid
2026-03-25T09:17:42.766640,2740,61.29,0.0,69.8,100,11.76,grid
2026-03-25T09:17:42.847683,2745,61.38,25.0,69.8,100,11.9,grid
2026-03-25T09:17:42.928707,2750,61.52,0.0,69.8,100,11.94,grid
2026-03-25T09:17:43.009646,2755,61.67,0.0,69.8,100,12.0,grid
2026-03-25T09:17:43.090782,2760,61.73,0.0,69.8,100,12.04,grid
2026-03-25T09:17:43.172294,2765,61.62,0.0,69.8,100,12.04,grid
2026-03-25T09:17:43.254525,2770,61.73,0.0,69.8,100,12.1,grid
2026-03-25T09:17:43.334787,2775,61.8,0.0,69.8,100,12.08,grid
2026-03-25T09:17:43.414780,2780,61.83,50.0,69.8,100,12.04,grid
2026-03-25T09:17:43.497540,2785,61.75,75.0,69.8,100,12.14,grid
2026-03-25T09:17:43.580516,2790,61.69,50.0,69.8,100,12.1,grid
2026-03-25T09:17:43.662828,2795,61.62,75.0,69.8,100,12.22,grid
2026-03-25T09:17:43.743458,2800,61.7,25.0,69.8,100,12.2,grid
2026-03-25T09:17:43.828378,2805,61.61,0.0,69.8,100,12.14,grid
2026-03-25T09:17:43.909388,2810,61.66,25.0,69.8,100,12.16,grid
2026-03-25T09:17:43.990446,2815,61.62,0.0,69.8,100,12.06,grid
2026-03-25T09:17:44.072764,2820,61.53,25.0,69.8,100,12.02,grid
2026-03-25T09:17:44.154870,2825,61.48,0.0,69.8,100,12.02,grid
2026-03-25T09:17:44.238942,2830,61.37,0.0,69.8,100,12.1,grid
2026-03-25T09:17:44.323942,2835,61.07,33.3,69.8,100,12.12,grid
2026-03-25T09:17:44.407935,2840,60.82,0.0,69.8,100,12.12,grid
2026-03-25T09:17:44.493970,2845,60.7,0.0,69.8,100,12.08,grid
2026-03-25T09:17:44.577991,2850,60.63,0.0,69.8,100,12.04,grid
2026-03-25T09:17:44.662939,2855,60.45,80.0,69.8,100,12.08,grid
2026-03-25T09:17:44.747950,2860,60.21,25.0,69.8,100,12.12,grid
2026-03-25T09:17:44.832942,2865,60.06,0.0,69.8,100,11.96,grid
2026-03-25T09:17:44.917942,2870,59.78,80.0,69.8,100,11.96,grid
2026-03-25T09:17:45.002942,2875,59.53,0.0,69.8,100,11.88,grid
2026-03-25T09:17:45.086951,2880,59.44,50.0,69.8,100,11.86,grid
2026-03-25T09:17:45.171943,2885,59.3,0.0,69.8,100,11.78,grid
2026-03-25T09:17:45.256462,2890,59.28,0.0,69.8,100,11.84,grid
2026-03-25T09:17:45.336791,2895,59.55,25.0,69.8,100,11.88,grid
2026-03-25T09:17:45.417026,2900,59.78,80.0,69.8,100,11.82,grid
2026-03-25T09:17:45.503129,2905,59.71,0.0,69.8,100,11.76,grid
2026-03-25T09:17:45.586049,2910,59.79,0.0,69.8,100,11.72,grid
2026-03-25T09:17:45.670130,2915,59.81,25.0,69.8,100,11.7,grid
2026-03-25T09:17:45.753130,2920,59.92,0.0,69.8,100,11.76,grid
2026-03-25T09:17:45.838036,2925,59.92,25.0,69.8,100,11.72,grid
2026-03-25T09:17:45.921727,2930,60.01,0.0,69.8,100,11.76,grid
2026-03-25T09:17:46.002614,2935,60.26,0.0,69.8,100,11.7,grid
2026-03-25T09:17:46.086115,2940,60.28,0.0,69.8,100,11.64,grid
2026-03-25T09:17:46.171226,2945,60.25,75.0,69.8,100,11.64,grid
2026-03-25T09:17:46.255210,2950,60.28,50.0,69.8,100,11.62,grid
2026-03-25T09:17:46.339122,2955,60.06,40.0,69.8,100,11.52,grid
2026-03-25T09:17:46.421210,2960,59.95,0.0,69.8,100,11.52,grid
2026-03-25T09:17:46.503208,2965,60.17,0.0,69.8,100,11.6,grid
2026-03-25T09:17:46.584212,2970,60.27,0.0,69.8,100,11.62,grid
2026-03-25T09:17:46.668211,2975,60.27,25.0,69.8,100,11.66,grid
2026-03-25T09:17:46.752210,2980,60.2,0.0,69.8,100,11.6,grid
2026-03-25T09:17:46.834213,2985,60.38,0.0,69.8,100,11.66,grid
2026-03-25T09:17:46.917212,2990,60.41,25.0,69.8,100,11.7,grid
2026-03-25T09:17:47.000217,2995,60.28,25.0,69.8,100,11.58,grid
2026-03-25T09:17:47.083741,3000,60.28,0.0,69.8,100,11.4,grid
2026-03-25T09:17:47.166799,3005,60.42,75.0,69.8,100,11.52,grid
2026-03-25T09:17:47.249938,3010,60.48,25.0,69.8,100,11.68,grid
2026-03-25T09:17:47.334056,3015,60.47,0.0,69.8,100,11.54,grid
2026-03-25T09:17:47.418019,3020,60.36,50.0,69.8,100,11.56,grid
2026-03-25T09:17:47.499983,3025,60.36,0.0,69.8,100,11.5,grid
2026-03-25T09:17:47.582708,3030,60.26,0.0,69.8,100,11.5,grid
2026-03-25T09:17:47.666061,3035,60.35,0.0,69.8,100,11.44,grid
2026-03-25T09:17:47.748741,3040,60.44,50.0,69.8,100,11.38,grid
2026-03-25T09:17:47.830132,3045,60.48,0.0,69.8,100,11.3,grid
2026-03-25T09:17:47.913974,3050,60.44,50.0,69.8,100,11.26,grid
2026-03-25T09:17:47.996909,3055,60.44,25.0,69.8,100,11.3,grid
2026-03-25T09:17:48.078323,3060,60.56,0.0,69.8,100,11.32,grid
2026-03-25T09:17:48.161769,3065,60.63,100.0,69.8,100,11.22,grid
2026-03-25T09:17:48.244760,3070,60.64,50.0,69.8,100,11.12,grid
2026-03-25T09:17:48.327576,3075,60.74,0.0,69.8,100,11.1,grid
2026-03-25T09:17:48.409535,3080,60.96,33.3,69.8,100,11.1,grid
2026-03-25T09:17:48.490592,3085,61.03,25.0,69.8,100,11.0,grid
2026-03-25T09:17:48.571846,3090,61.14,25.0,69.2,100,11.04,grid
2026-03-25T09:17:48.652275,3095,61.27,25.0,69.2,100,11.2,grid
2026-03-25T09:17:48.735921,3100,61.21,0.0,69.2,100,11.26,grid
2026-03-25T09:17:48.820016,3105,61.08,0.0,69.2,100,11.2,grid
2026-03-25T09:17:48.905005,3110,61.01,0.0,69.2,100,11.24,grid
2026-03-25T09:17:48.986293,3115,61.11,0.0,69.2,100,11.16,grid
2026-03-25T09:17:49.067900,3120,61.11,0.0,69.2,100,11.1,grid
2026-03-25T09:17:49.152901,3125,60.91,33.3,69.3,100,11.0,grid
2026-03-25T09:17:49.236006,3130,60.89,0.0,69.3,100,10.92,grid
2026-03-25T09:17:49.318705,3135,60.89,0.0,69.3,100,10.9,grid
2026-03-25T09:17:49.398601,3140,60.92,0.0,69.3,100,10.78,grid
2026-03-25T09:17:49.480601,3145,60.85,0.0,69.3,100,10.86,grid
2026-03-25T09:17:49.561617,3150,60.86,25.0,69.3,100,10.8,grid
2026-03-25T09:17:49.643618,3155,60.83,25.0,69.4,100,10.68,grid
2026-03-25T09:17:49.723609,3160,61.04,25.0,69.4,100,10.82,grid
2026-03-25T09:17:49.804703,3165,61.23,0.0,69.4,100,10.68,grid
2026-03-25T09:17:49.885601,3170,61.48,50.0,69.4,100,10.68,grid
2026-03-25T09:17:49.965601,3175,61.56,0.0,69.4,100,10.8,grid
2026-03-25T09:17:50.046592,3180,61.6,75.0,69.4,100,10.7,grid
2026-03-25T09:17:50.127608,3185,61.89,33.3,69.5,100,10.8,grid
2026-03-25T09:17:50.208737,3190,62.02,25.0,69.5,100,10.72,grid
2026-03-25T09:17:50.291541,3195,62.03,0.0,69.5,100,10.84,grid
2026-03-25T09:17:50.373459,3200,61.94,0.0,69.5,100,10.84,grid
2026-03-25T09:17:50.457429,3205,61.94,100.0,69.5,100,10.86,grid
2026-03-25T09:17:50.537115,3210,62.01,25.0,69.5,100,10.9,grid
2026-03-25T09:17:50.619639,3215,61.91,25.0,69.5,100,10.88,grid
2026-03-25T09:17:50.702209,3220,61.76,80.0,69.5,100,11.02,grid
2026-03-25T09:17:50.787221,3225,61.47,0.0,69.5,100,10.96,grid
2026-03-25T09:17:50.870211,3230,61.33,25.0,69.5,100,10.94,grid
2026-03-25T09:17:50.953211,3235,61.14,0.0,69.5,100,11.06,grid
2026-03-25T09:17:51.033210,3240,61.2,0.0,69.5,100,11.04,grid
2026-03-25T09:17:51.115072,3245,61.11,0.0,69.5,100,11.12,grid
2026-03-25T09:17:51.196630,3250,61.08,100.0,69.5,100,11.14,grid
2026-03-25T09:17:51.279017,3255,61.09,0.0,69.5,100,11.14,grid
2026-03-25T09:17:51.364026,3260,60.86,0.0,69.5,100,11.1,grid
2026-03-25T09:17:51.447038,3265,60.8,50.0,69.5,100,11.04,grid
2026-03-25T09:17:51.530027,3270,60.58,25.0,69.5,100,11.08,grid
2026-03-25T09:17:51.613026,3275,60.55,0.0,69.5,100,11.04,grid
2026-03-25T09:17:51.695019,3280,60.59,50.0,69.5,100,10.96,grid
2026-03-25T09:17:51.779119,3285,60.65,0.0,69.5,100,10.96,grid
2026-03-25T09:17:51.860756,3290,60.73,0.0,69.5,100,11.0,grid
2026-03-25T09:17:51.943265,3295,60.77,0.0,69.5,100,10.94,grid
2026-03-25T09:17:52.026298,3300,60.64,0.0,69.5,100,10.9,grid
2026-03-25T09:17:52.109002,3305,60.67,0.0,69.5,100,10.94,grid
2026-03-25T09:17:52.192907,3310,60.53,25.0,69.5,100,10.98,grid
2026-03-25T09:17:52.276085,3315,60.48,0.0,69.5,100,11.02,grid
2026-03-25T09:17:52.358964,3320,60.63,0.0,69.5,100,11.0,grid
2026-03-25T09:17:52.441978,3325,60.64,0.0,69.5,100,11.0,grid
2026-03-25T09:17:52.526555,3330,60.57,0.0,69.5,100,10.84,grid
2026-03-25T09:17:52.610287,3335,60.66,0.0,69.5,100,10.84,grid
2026-03-25T09:17:52.693092,3340,60.67,75.0,69.5,100,10.84,grid
2026-03-25T09:17:52.776085,3345,60.79,75.0,69.5,100,10.88,grid
2026-03-25T09:17:52.855766,3350,60.93,0.0,69.5,100,10.9,grid
2026-03-25T09:17:52.938018,3355,60.99,0.0,69.5,100,10.88,grid
2026-03-25T09:17:53.022977,3360,60.83,0.0,69.5,100,10.92,grid
2026-03-25T09:17:53.108956,3365,60.64,0.0,69.5,100,10.9,grid
2026-03-25T09:17:53.193026,3370,60.63,50.0,69.5,100,10.88,grid
2026-03-25T09:17:53.276939,3375,60.61,0.0,69.5,100,10.88,grid
2026-03-25T09:17:53.360952,3380,60.53,0.0,69.5,100,10.92,grid
2026-03-25T09:17:53.444786,3385,60.48,0.0,69.5,100,11.0,grid
2026-03-25T09:17:53.527044,3390,60.61,25.0,69.5,100,10.92,grid
2026-03-25T09:17:53.609198,3395,60.57,50.0,69.5,100,10.9,grid
2026-03-25T09:17:53.691932,3400,60.56,66.7,69.5,100,10.96,grid
2026-03-25T09:17:53.776293,3405,60.54,0.0,69.5,100,10.94,grid
2026-03-25T09:17:53.859856,3410,60.34,0.0,69.5,100,11.08,grid
2026-03-25T09:17:53.943212,3415,60.23,0.0,69.4,100,10.94,grid
2026-03-25T09:17:54.025049,3420,60.39,0.0,69.4,100,10.92,grid
2026-03-25T09:17:54.108965,3425,60.46,60.0,69.4,100,10.84,grid
2026-03-25T09:17:54.191403,3430,60.56,0.0,69.4,100,10.82,grid
2026-03-25T09:17:54.275032,3435,60.57,0.0,69.4,100,10.76,grid
2026-03-25T09:17:54.358093,3440,60.64,25.0,69.4,100,10.78,grid
2026-03-25T09:17:54.443374,3445,60.58,66.7,69.4,100,10.86,grid
2026-03-25T09:17:54.525755,3450,60.61,0.0,69.4,100,10.9,grid
2026-03-25T09:17:54.608658,3455,60.62,0.0,69.4,100,10.92,grid
2026-03-25T09:17:54.689492,3460,60.69,66.7,69.4,100,10.92,grid
2026-03-25T09:17:54.775350,3465,60.54,0.0,69.4,100,10.84,grid
2026-03-25T09:17:54.857965,3470,60.55,50.0,69.4,100,10.94,grid
2026-03-25T09:17:54.942869,3475,60.49,66.7,69.4,100,11.02,grid
2026-03-25T09:17:55.026302,3480,60.47,75.0,69.4,100,10.96,grid
2026-03-25T09:17:55.109827,3485,60.56,0.0,69.4,100,10.92,grid
2026-03-25T09:17:55.191983,3490,60.57,0.0,69.4,100,10.92,grid
2026-03-25T09:17:55.275706,3495,60.54,0.0,69.4,100,11.12,grid
2026-03-25T09:17:55.356297,3500,60.69,50.0,69.4,100,11.0,grid
2026-03-25T09:17:55.442901,3505,60.69,100.0,69.4,100,11.02,grid
2026-03-25T09:17:55.527399,3510,60.51,0.0,69.4,100,10.94,grid
2026-03-25T09:17:55.608393,3515,60.63,50.0,69.4,100,11.04,grid
2026-03-25T09:17:55.689500,3520,60.6,0.0,69.4,100,11.12,grid
2026-03-25T09:17:55.772377,3525,60.77,0.0,69.4,100,11.16,grid
2026-03-25T09:17:55.856747,3530,60.71,50.0,69.4,100,11.18,grid
2026-03-25T09:17:55.938740,3535,60.87,0.0,69.4,100,11.24,grid
2026-03-25T09:17:56.019723,3540,60.97,25.0,69.4,100,11.38,grid
2026-03-25T09:17:56.102215,3545,60.95,66.7,69.5,100,11.44,grid
2026-03-25T09:17:56.183964,3550,60.97,25.0,69.5,100,11.42,grid
2026-03-25T09:17:56.268083,3555,60.95,0.0,69.5,100,11.38,grid
2026-03-25T09:17:56.351108,3560,60.78,0.0,69.5,100,11.36,grid
2026-03-25T09:17:56.434817,3565,60.83,0.0,69.5,100,11.28,grid
2026-03-25T09:17:56.518850,3570,60.86,0.0,69.5,100,11.24,grid
2026-03-25T09:17:56.601494,3575,60.71,75.0,69.5,100,11.28,grid
2026-03-25T09:17:56.684705,3580,60.58,25.0,69.5,100,11.2,grid
2026-03-25T09:17:56.764264,3585,60.74,25.0,69.5,100,11.34,grid
2026-03-25T09:17:56.848348,3590,60.71,28.6,69.5,100,11.44,grid
2026-03-25T09:17:56.931590,3595,60.62,0.0,69.5,100,11.52,grid
2026-03-25T09:17:57.015012,3600,60.45,50.0,69.5,100,11.58,grid
2026-03-25T09:17:57.098153,3605,60.5,16.7,69.5,100,11.64,grid
2026-03-25T09:17:57.183123,3610,60.3,25.0,69.5,100,11.78,grid
2026-03-25T09:17:57.267019,3615,60.32,0.0,69.5,100,11.82,grid
2026-03-25T09:17:57.352007,3620,60.21,75.0,69.5,100,11.82,grid
2026-03-25T09:17:57.434988,3625,60.26,25.0,69.5,100,11.84,grid
2026-03-25T09:17:57.519412,3630,60.23,33.3,69.5,100,11.88,grid
2026-03-25T09:17:57.602870,3635,60.25,25.0,69.5,100,11.86,grid
2026-03-25T09:17:57.684650,3640,60.36,25.0,69.5,100,11.86,grid
2026-03-25T09:17:57.765925,3645,60.25,0.0,69.5,100,11.82,grid
2026-03-25T09:17:57.848706,3650,60.34,0.0,69.5,100,11.84,grid
2026-03-25T09:17:57.929818,3655,60.47,0.0,69.5,100,11.84,grid
2026-03-25T09:17:58.010725,3660,60.62,0.0,69.5,100,11.84,grid
2026-03-25T09:17:58.091734,3665,60.67,25.0,69.5,100,11.8,grid
2026-03-25T09:17:58.174788,3670,60.79,0.0,69.5,100,11.82,grid
2026-03-25T09:17:58.256748,3675,60.97,0.0,69.5,100,11.8,grid
2026-03-25T09:17:58.340773,3680,61.09,0.0,69.5,100,11.7,grid
2026-03-25T09:17:58.423787,3685,61.1,0.0,69.5,100,11.66,grid
2026-03-25T09:17:58.506828,3690,61.25,0.0,69.5,100,11.72,grid
2026-03-25T09:17:58.588269,3695,61.32,0.0,69.5,100,11.74,grid
2026-03-25T09:17:58.671849,3700,61.23,0.0,69.5,100,11.74,grid
2026-03-25T09:17:58.756978,3705,61.1,0.0,69.5,100,11.74,grid
2026-03-25T09:17:58.841052,3710,61.06,0.0,69.5,100,11.76,grid
2026-03-25T09:17:58.925045,3715,60.91,0.0,69.5,100,11.72,grid
2026-03-25T09:17:59.010088,3720,60.66,0.0,69.5,100,11.68,grid
2026-03-25T09:17:59.093778,3725,60.48,25.0,69.5,100,11.66,grid
2026-03-25T09:17:59.174525,3730,60.61,0.0,69.5,100,11.66,grid
2026-03-25T09:17:59.257594,3735,60.5,0.0,69.5,100,11.68,grid
2026-03-25T09:17:59.340866,3740,60.53,25.0,69.5,100,11.56,grid
2026-03-25T09:17:59.423190,3745,60.61,0.0,69.5,100,11.54,grid
2026-03-25T09:17:59.504457,3750,60.67,0.0,69.5,100,11.64,grid
2026-03-25T09:17:59.586160,3755,60.67,0.0,69.5,100,11.68,grid
2026-03-25T09:17:59.669157,3760,60.68,0.0,69.5,100,11.64,grid
2026-03-25T09:17:59.752921,3765,60.67,50.0,69.5,100,11.64,grid
2026-03-25T09:17:59.836275,3770,60.72,25.0,69.5,100,11.64,grid
2026-03-25T09:17:59.917367,3775,60.93,0.0,69.5,100,11.58,grid
2026-03-25T09:18:00.000381,3780,61.06,0.0,69.5,100,11.54,grid
2026-03-25T09:18:00.081361,3785,61.28,0.0,69.5,100,11.62,grid
2026-03-25T09:18:00.166267,3790,61.03,0.0,69.5,100,11.64,grid
2026-03-25T09:18:00.249269,3795,61.0,0.0,69.5,100,11.64,grid
2026-03-25T09:18:00.331667,3800,61.02,66.7,69.5,100,11.68,grid
2026-03-25T09:18:00.412662,3805,61.08,0.0,69.5,100,11.62,grid
2026-03-25T09:18:00.494115,3810,61.04,25.0,69.5,100,11.64,grid
2026-03-25T09:18:00.575897,3815,61.02,25.0,69.5,100,11.62,grid
2026-03-25T09:18:00.658504,3820,61.04,0.0,69.5,100,11.76,grid
2026-03-25T09:18:00.740293,3825,61.18,80.0,69.5,100,11.76,grid
2026-03-25T09:18:00.823270,3830,61.19,25.0,69.5,100,11.78,grid
2026-03-25T09:18:00.907023,3835,60.96,0.0,69.5,100,11.82,grid
2026-03-25T09:18:00.990894,3840,60.92,100.0,69.5,100,11.82,grid
2026-03-25T09:18:01.075793,3845,60.63,80.0,69.5,100,11.78,grid
2026-03-25T09:18:01.159798,3850,60.67,50.0,69.5,100,11.8,grid
2026-03-25T09:18:01.243882,3855,60.64,100.0,69.5,100,11.72,grid
2026-03-25T09:18:01.328886,3860,60.47,0.0,69.5,100,11.76,grid
2026-03-25T09:18:01.411882,3865,60.32,0.0,69.5,100,11.76,grid
2026-03-25T09:18:01.496803,3870,60.11,75.0,69.5,100,11.86,grid
2026-03-25T09:18:01.579885,3875,60.02,0.0,69.5,100,11.9,grid
2026-03-25T09:18:01.662882,3880,59.98,0.0,69.5,100,11.86,grid
2026-03-25T09:18:01.745975,3885,59.86,25.0,69.5,100,11.74,grid
2026-03-25T09:18:01.826244,3890,60.0,25.0,69.5,100,11.7,grid
2026-03-25T09:18:01.908606,3895,60.09,75.0,69.5,100,11.66,grid
2026-03-25T09:18:01.992237,3900,60.11,25.0,69.5,100,11.66,grid
2026-03-25T09:18:02.075911,3905,60.2,25.0,69.5,100,11.58,grid
2026-03-25T09:18:02.160992,3910,60.15,0.0,69.5,100,11.66,grid
2026-03-25T09:18:02.244992,3915,60.13,80.0,69.5,100,11.66,grid
2026-03-25T09:18:02.328246,3920,60.23,0.0,69.5,100,11.72,grid
2026-03-25T09:18:02.410607,3925,60.27,0.0,69.5,100,11.7,grid
2026-03-25T09:18:02.494661,3930,60.34,25.0,69.5,100,11.62,grid
2026-03-25T09:18:02.577909,3935,60.38,0.0,69.5,100,11.64,grid
2026-03-25T09:18:02.659246,3940,60.48,0.0,69.5,100,11.58,grid
2026-03-25T09:18:02.742246,3945,60.49,100.0,69.5,100,11.5,grid
2026-03-25T09:18:02.823366,3950,60.43,0.0,69.5,100,11.48,grid
2026-03-25T09:18:02.906045,3955,60.47,0.0,69.5,100,11.42,grid
2026-03-25T09:18:02.989811,3960,60.44,60.0,69.5,100,11.36,grid
2026-03-25T09:18:03.073170,3965,60.47,0.0,69.5,100,11.26,grid
2026-03-25T09:18:03.156768,3970,60.55,0.0,69.5,100,11.2,grid
2026-03-25T09:18:03.240026,3975,60.62,50.0,69.5,100,11.2,grid
2026-03-25T09:18:03.322991,3980,60.63,0.0,69.5,100,11.22,grid
2026-03-25T09:18:03.406382,3985,60.59,0.0,69.5,100,11.22,grid
2026-03-25T09:18:03.489909,3990,60.61,25.0,69.5,100,11.22,grid
2026-03-25T09:18:03.573250,3995,60.56,0.0,69.5,100,11.18,grid
2026-03-25T09:18:03.655852,4000,60.48,0.0,69.5,100,11.2,grid
2026-03-25T09:18:03.740764,4005,60.4,75.0,69.5,100,11.24,grid
2026-03-25T09:18:03.823299,4010,60.32,0.0,69.5,100,11.28,grid
2026-03-25T09:18:03.905151,4015,60.3,25.0,69.5,100,11.14,grid
2026-03-25T09:18:03.988057,4020,60.37,0.0,69.5,100,11.1,grid
2026-03-25T09:18:04.070749,4025,60.41,0.0,69.5,100,11.08,grid
2026-03-25T09:18:04.156766,4030,60.36,0.0,69.5,100,11.02,grid
2026-03-25T09:18:04.238140,4035,60.52,75.0,69.5,100,11.02,grid
2026-03-25T09:18:04.319078,4040,60.69,0.0,69.5,100,10.98,grid
2026-03-25T09:18:04.402759,4045,60.66,0.0,69.5,100,10.96,grid
2026-03-25T09:18:04.484099,4050,60.82,0.0,69.5,100,10.98,grid
2026-03-25T09:18:04.568928,4055,60.76,0.0,69.5,100,11.0,grid
2026-03-25T09:18:04.652790,4060,60.7,25.0,69.5,100,10.92,grid
2026-03-25T09:18:04.734768,4065,60.85,0.0,69.5,100,10.84,grid
2026-03-25T09:18:04.816830,4070,60.94,0.0,69.5,100,10.74,grid
2026-03-25T09:18:04.900298,4075,60.84,25.0,69.5,100,10.78,grid
2026-03-25T09:18:04.982597,4080,60.86,0.0,69.5,100,10.78,grid
2026-03-25T09:18:05.066186,4085,60.83,0.0,69.5,100,10.72,grid
2026-03-25T09:18:05.149416,4090,60.91,0.0,69.5,100,10.7,grid
2026-03-25T09:18:05.232525,4095,60.76,0.0,69.5,100,10.7,grid
2026-03-25T09:18:05.314254,4100,60.67,0.0,69.5,100,10.74,grid
2026-03-25T09:18:05.398161,4105,60.66,25.0,69.5,100,10.8,grid
2026-03-25T09:18:05.483248,4110,60.41,0.0,69.5,100,10.76,grid
2026-03-25T09:18:05.566165,4115,60.49,0.0,69.5,100,10.72,grid
2026-03-25T09:18:05.649248,4120,60.53,0.0,69.5,100,10.68,grid
2026-03-25T09:18:05.732247,4125,60.46,25.0,69.5,100,10.7,grid
2026-03-25T09:18:05.930168,4130,55.97,100.0,69.5,100,10.74,grid
2026-03-25T09:18:06.065160,4135,53.43,100.0,69.5,100,10.64,grid
2026-03-25T09:18:06.162155,4140,52.75,100.0,69.5,100,10.68,grid
2026-03-25T09:18:06.246166,4145,52.68,0.0,69.5,100,10.58,grid
2026-03-25T09:18:06.353158,4150,51.63,100.0,69.5,100,10.62,grid
2026-03-25T09:18:06.435159,4155,51.66,66.7,69.5,100,10.62,grid
2026-03-25T09:18:06.520169,4160,51.53,100.0,69.5,100,10.64,grid
2026-03-25T09:18:06.605025,4165,51.49,25.0,69.5,100,10.6,grid
2026-03-25T09:18:06.688434,4170,51.55,0.0,69.5,100,10.64,grid
2026-03-25T09:18:06.770560,4175,51.59,80.0,69.5,100,10.62,grid
2026-03-25T09:18:06.852568,4180,51.64,0.0,69.5,100,10.62,grid
2026-03-25T09:18:06.933578,4185,51.73,0.0,69.5,100,10.54,grid
2026-03-25T09:18:07.015912,4190,55.49,0.0,69.5,100,10.54,grid
2026-03-25T09:18:07.098475,4195,58.29,25.0,69.5,100,10.56,grid
2026-03-25T09:18:07.180270,4200,59.18,0.0,69.5,100,10.6,grid
2026-03-25T09:18:07.261230,4205,59.39,0.0,69.5,100,10.56,grid
2026-03-25T09:18:07.343075,4210,60.84,25.0,69.5,100,10.64,grid
2026-03-25T09:18:07.424844,4215,60.87,0.0,69.5,100,10.64,grid
